label,count,mean,median,std,skewness,kurtosis,min,max
Order Amount,5,52.898,45.0,32.42732822790061,0.2730914953760558,1.4792162069883787,15.0,100.0
Customer Total Spend,4,66.1225,62.25,47.32602369468621,0.08764685544021579,1.1540842235357869,15.0,124.99
