,count,mean,std,min,25%,50%,75%,max
total_transactions,3.0,1.0,1.0,0.0,0.5,1.0,1.5,2.0
total_spent,3.0,49.830000000000005,66.23316163373148,0.0,12.25,24.5,74.745,124.99
transactions_per_month,3.0,0.8571428571428571,0.7726181304565691,0.0,0.5357142857142857,1.0714285714285714,1.2857142857142856,1.5
avg_spend_per_transaction,3.0,28.998333333333335,31.4894031117348,0.0,12.25,24.5,43.4975,62.495
lifetime_value_per_month,3.0,34.56964285714286,33.53267058871429,0.0,18.375,36.75,51.854464285714286,66.95892857142857
rfm_score,3.0,9.0,3.4641016151377544,7.0,7.0,7.0,10.0,13.0
customer_health_score,3.0,2.566666666666667,1.5750661361775682,1.0,1.775,2.55,3.35,4.15
