loop_seconds,vectorized_seconds,speedup
0.014181599999574246,0.0006463999998231884,21.939356440986042
